          time,       N0.V.im,       N0.V.re,       N1.V.im,       N1.V.re,      N10.V.im,      N10.V.re,      N11.V.im,      N11.V.re,      N12.V.im,      N12.V.re,      N13.V.im,      N13.V.re,      N14.V.im,      N14.V.re,       N2.V.im,       N2.V.re,       N3.V.im,       N3.V.re,       N4.V.im,       N4.V.re,       N5.V.im,       N5.V.re,       N6.V.im,       N6.V.re,       N7.V.im,       N7.V.re,       N8.V.im,       N8.V.re,       N9.V.im,       N9.V.re
  0.000000e+00,      0.000000, 110000.000000,  -2338.351339,  19068.762206,  -3187.835024,  17483.587198,  -3190.674762,  17478.863890,  -1972.502176,  19286.859895,  -1980.253890,  19185.668663,  -1984.719913,  19127.491955,  -2638.294629,  18525.446285,  -3099.877354,  17664.840239,  -3127.551786,  17620.482700,  -3146.533250,  17590.038590,  -3168.937450,  17554.002105,  -3163.721634,  17529.451194,  -3161.322145,  17535.918766,  -3170.854080,  17513.316080
